,Player,Rec,Yds,TD,20+,40+,LNG,Rec 1st,1st%,Rec FUM,Rec YAC/R,Tgts,Overall Rating
1,Tyreek Hill,119.0,1799.0,13.0,29.0,9.0,78.0,83.0,69.8,-1.0,652.0,171.0,0.9301990180340166
2,Amon-Ra St. Brown,119.0,1515.0,10.0,24.0,3.0,70.0,75.0,63.0,-1.0,668.0,164.0,0.7944125878763258
3,Evan Engram,114.0,963.0,4.0,9.0,0.0,34.0,47.0,41.2,-3.0,516.0,143.0,0.46599689953330237
4,Michael Pittman,109.0,1152.0,4.0,10.0,3.0,75.0,53.0,48.6,-1.0,513.0,156.0,0.6254472514463225
5,Keenan Allen,108.0,1243.0,7.0,19.0,1.0,42.0,56.0,51.8,-2.0,396.0,150.0,0.5830757023102051
6,Stefon Diggs,107.0,1183.0,8.0,10.0,2.0,55.0,58.0,54.2,-2.0,399.0,160.0,0.5908545633040259
7,A.J. Brown,106.0,1456.0,7.0,21.0,3.0,59.0,70.0,66.0,-2.0,473.0,158.0,0.6780647597669843
8,Puka Nacua,105.0,1486.0,6.0,25.0,3.0,80.0,68.0,64.8,-1.0,639.0,160.0,0.7552009482294306
9,Davante Adams,103.0,1144.0,8.0,13.0,2.0,46.0,59.0,57.3,-0.0,336.0,175.0,0.6503100683767645
10,Adam Thielen,103.0,1014.0,4.0,9.0,0.0,32.0,56.0,54.4,-2.0,334.0,137.0,0.48284188100223313
11,Ja'Marr Chase,100.0,1216.0,7.0,14.0,4.0,76.0,63.0,63.0,-1.0,541.0,145.0,0.6884686327768299
12,DJ Moore,96.0,1364.0,8.0,25.0,2.0,58.0,64.0,66.7,-1.0,539.0,136.0,0.6960442957158005
13,T.J. Hockenson,95.0,960.0,5.0,13.0,0.0,29.0,48.0,50.5,-1.0,336.0,127.0,0.5036848988562262
14,Garrett Wilson,95.0,1042.0,3.0,11.0,2.0,68.0,47.0,49.5,-2.0,327.0,168.0,0.5336598218328652
15,Travis Kelce,93.0,984.0,5.0,12.0,2.0,53.0,50.0,53.8,-1.0,470.0,120.0,0.5634122405761702
16,Chris Olave,87.0,1123.0,5.0,16.0,3.0,51.0,57.0,65.5,-0.0,347.0,138.0,0.6279637432697153
17,Sam LaPorta,86.0,889.0,10.0,8.0,2.0,48.0,48.0,55.8,-0.0,358.0,120.0,0.5857420028916155
18,Chris Godwin,83.0,1024.0,2.0,14.0,2.0,47.0,53.0,63.9,-0.0,376.0,130.0,0.5725700504707208
19,Trey McBride,81.0,825.0,3.0,9.0,0.0,38.0,42.0,51.8,-1.0,420.0,106.0,0.46344196516600183
20,David Njoku,81.0,882.0,6.0,12.0,2.0,43.0,35.0,43.2,-2.0,599.0,123.0,0.5088234437657345
21,DeVonta Smith,81.0,1066.0,7.0,14.0,3.0,63.0,47.0,58.0,-1.0,294.0,112.0,0.5712751818587762
22,Nico Collins,80.0,1297.0,8.0,25.0,5.0,75.0,53.0,66.2,-1.0,549.0,109.0,0.702187172213769
23,Mike Evans,79.0,1255.0,13.0,20.0,6.0,75.0,54.0,68.4,-0.0,322.0,136.0,0.7456918153941124
25,Terry McLaurin,79.0,1002.0,4.0,15.0,2.0,48.0,47.0,59.5,-0.0,350.0,132.0,0.5734880570453064
26,Rashee Rice,79.0,938.0,7.0,10.0,1.0,67.0,44.0,55.7,-2.0,652.0,102.0,0.5416112072075092
27,Zay Flowers,77.0,858.0,5.0,12.0,4.0,75.0,41.0,53.2,-0.0,387.0,108.0,0.5891017978459092
28,Breece Hall,76.0,591.0,4.0,7.0,1.0,50.0,28.0,36.8,-0.0,649.0,95.0,0.496741100809565
29,Calvin Ridley,76.0,1016.0,8.0,17.0,2.0,59.0,49.0,64.5,-1.0,194.0,136.0,0.5744878836497839
30,Brandon Aiyuk,75.0,1342.0,7.0,28.0,3.0,76.0,61.0,81.3,-1.0,362.0,105.0,0.6791536876618305
31,DeAndre Hopkins,75.0,1057.0,7.0,15.0,4.0,61.0,48.0,64.0,-0.0,223.0,137.0,0.6178399187580615
32,Alvin Kamara,75.0,466.0,1.0,3.0,0.0,25.0,23.0,30.7,-0.0,501.0,86.0,0.38609659967007465
33,Dalton Kincaid,73.0,673.0,2.0,5.0,1.0,51.0,29.0,39.7,-1.0,315.0,91.0,0.40585857280051896
34,Cole Kmet,73.0,719.0,6.0,9.0,2.0,53.0,36.0,49.3,-1.0,290.0,90.0,0.4732602228422918
35,Amari Cooper,72.0,1250.0,5.0,21.0,8.0,75.0,50.0,69.4,-2.0,271.0,128.0,0.6324134440900533
36,Jaylen Waddle,72.0,1014.0,4.0,12.0,2.0,60.0,47.0,65.3,-0.0,421.0,103.0,0.5707970961597616
37,Jake Ferguson,71.0,761.0,5.0,8.0,1.0,40.0,40.0,56.3,-0.0,425.0,102.0,0.5062894236381298
38,Jakobi Meyers,71.0,807.0,8.0,8.0,0.0,33.0,46.0,64.8,-0.0,242.0,106.0,0.5044760155472937
39,Jordan Addison,70.0,911.0,10.0,15.0,3.0,62.0,38.0,54.3,-0.0,262.0,107.0,0.5884124689959687
40,Drake London,69.0,905.0,2.0,17.0,1.0,45.0,45.0,65.2,-0.0,188.0,110.0,0.510065062954828
41,Josh Downs,68.0,771.0,2.0,10.0,2.0,59.0,30.0,44.1,-0.0,371.0,98.0,0.4871022615042243
42,Justin Jefferson,68.0,1074.0,5.0,25.0,2.0,52.0,51.0,75.0,-1.0,260.0,100.0,0.5704320905103161
43,Tyler Boyd,67.0,667.0,2.0,6.0,2.0,64.0,28.0,41.8,-0.0,279.0,98.0,0.45684309041372195
44,Christian McCaffrey,67.0,564.0,7.0,4.0,1.0,41.0,31.0,46.3,-1.0,461.0,83.0,0.44146335688582705
45,DK Metcalf,66.0,1114.0,8.0,19.0,4.0,73.0,52.0,78.8,-0.0,367.0,119.0,0.672884486684338
46,George Kittle,65.0,1020.0,6.0,18.0,3.0,66.0,42.0,64.6,-0.0,483.0,90.0,0.6099590884756506
47,Jayden Reed,64.0,793.0,8.0,13.0,3.0,59.0,32.0,50.0,-0.0,335.0,94.0,0.5472647811253392
48,Rachaad White,64.0,549.0,3.0,10.0,1.0,43.0,23.0,35.9,-1.0,611.0,70.0,0.4263520245201447
49,George Pickens,63.0,1140.0,5.0,22.0,6.0,86.0,41.0,65.1,-3.0,388.0,106.0,0.573885061922025
51,Jaxon Smith-Njigba,63.0,628.0,4.0,7.0,0.0,35.0,29.0,46.0,-0.0,366.0,93.0,0.4343796143994068
52,Curtis Samuel,62.0,613.0,4.0,7.0,0.0,37.0,26.0,41.9,-0.0,260.0,91.0,0.4125518697088025
53,Tyler Conklin,61.0,621.0,0.0,7.0,0.0,37.0,27.0,44.3,-0.0,246.0,87.0,0.3835399375366221
54,Jaylen Warren,61.0,370.0,0.0,2.0,0.0,30.0,19.0,31.2,-1.0,482.0,74.0,0.3223258197898256
55,Wan'Dale Robinson,60.0,525.0,1.0,7.0,0.0,33.0,29.0,48.3,-0.0,287.0,78.0,0.3876836429946806
56,Deebo Samuel Sr.,60.0,892.0,7.0,15.0,6.0,54.0,34.0,56.7,-1.0,527.0,89.0,0.5750013920269613
57,Romeo Doubs,59.0,674.0,8.0,7.0,0.0,36.0,41.0,69.5,-1.0,134.0,96.0,0.43724006077953353
58,Dallas Goedert,59.0,592.0,3.0,6.0,1.0,49.0,33.0,55.9,-0.0,319.0,83.0,0.4450575550451827
59,Cooper Kupp,59.0,737.0,5.0,10.0,2.0,62.0,33.0,55.9,-0.0,322.0,95.0,0.5083143036503093
60,Elijah Moore,59.0,640.0,2.0,9.0,1.0,42.0,29.0,49.2,-1.0,191.0,104.0,0.3960097108204821
61,Dalton Schultz,59.0,635.0,5.0,7.0,0.0,31.0,35.0,59.3,-1.0,259.0,88.0,0.4061737694554913
62,Courtland Sutton,59.0,772.0,10.0,14.0,2.0,46.0,37.0,62.7,-3.0,156.0,90.0,0.43673563989223096
63,Travis Etienne,58.0,476.0,1.0,2.0,1.0,56.0,23.0,39.7,-0.0,502.0,73.0,0.4124440242982803
64,Bijan Robinson,58.0,487.0,4.0,5.0,1.0,71.0,24.0,41.4,-0.0,481.0,86.0,0.46462120543596713
65,Christian Kirk,57.0,787.0,3.0,13.0,3.0,57.0,34.0,59.6,-2.0,247.0,85.0,0.43853265359495774
66,Tony Pollard,55.0,311.0,0.0,2.0,1.0,60.0,12.0,21.8,-2.0,321.0,67.0,0.2824642810965617
67,Logan Thomas,55.0,496.0,4.0,3.0,0.0,29.0,21.0,38.2,-2.0,229.0,78.0,0.3006092565398571
68,Brandin Cooks,54.0,657.0,8.0,11.0,0.0,37.0,38.0,70.4,-1.0,125.0,81.0,0.43461608427614595
69,Jerry Jeudy,54.0,758.0,2.0,10.0,5.0,47.0,28.0,51.8,-1.0,323.0,87.0,0.4566826618467035
70,Chigoziem Okonkwo,54.0,528.0,1.0,6.0,0.0,39.0,25.0,46.3,-0.0,260.0,77.0,0.375641962220941
71,Kyle Pitts,53.0,667.0,3.0,7.0,0.0,39.0,35.0,66.0,-0.0,134.0,90.0,0.4177047365133205
72,Jahmyr Gibbs,52.0,316.0,1.0,2.0,0.0,24.0,20.0,38.5,-0.0,314.0,71.0,0.3278146386864995
73,Joe Mixon,52.0,376.0,3.0,4.0,1.0,45.0,14.0,26.9,-0.0,463.0,64.0,0.38093932821727355
74,Tyjae Spears,52.0,385.0,1.0,4.0,1.0,48.0,17.0,32.7,-1.0,460.0,70.0,0.35130834781296955
75,Darren Waller,52.0,552.0,1.0,8.0,0.0,29.0,25.0,48.1,-0.0,211.0,74.0,0.3653223865482103
77,Marquise Brown,51.0,574.0,4.0,8.0,1.0,41.0,32.0,62.8,-0.0,164.0,101.0,0.4372289486851932
78,Austin Ekeler,51.0,436.0,1.0,5.0,0.0,39.0,21.0,41.2,-2.0,533.0,74.0,0.33101495337841763
79,Ezekiel Elliott,51.0,313.0,2.0,1.0,0.0,23.0,12.0,23.5,-1.0,374.0,65.0,0.2820070822707377
80,Gerald Everett,51.0,411.0,3.0,4.0,0.0,31.0,25.0,49.0,-3.0,275.0,70.0,0.2772870825922777
81,Diontae Johnson,51.0,717.0,5.0,10.0,2.0,71.0,38.0,74.5,-1.0,261.0,87.0,0.48974287766609165
82,Samaje Perine,50.0,455.0,0.0,3.0,0.0,29.0,23.0,46.0,-2.0,462.0,56.0,0.29585165172365296
83,Darius Slayton,50.0,770.0,4.0,11.0,3.0,80.0,29.0,58.0,-0.0,298.0,79.0,0.5129335289160353
84,Jonnu Smith,50.0,582.0,3.0,4.0,2.0,60.0,26.0,52.0,-1.0,357.0,70.0,0.4090900819823798
85,Jahan Dotson,49.0,518.0,4.0,5.0,0.0,33.0,27.0,55.1,-0.0,115.0,83.0,0.37716409071740825
86,Demario Douglas,49.0,561.0,0.0,6.0,2.0,42.0,26.0,53.1,-1.0,336.0,79.0,0.37782563058083896
87,Antonio Gibson,48.0,389.0,2.0,3.0,1.0,41.0,19.0,39.6,-2.0,377.0,59.0,0.3067861889407743
88,K.J. Osborn,48.0,540.0,3.0,7.0,1.0,47.0,28.0,58.3,-1.0,185.0,75.0,0.37949996809209413
89,Tank Dell,47.0,709.0,7.0,10.0,3.0,68.0,34.0,72.3,-0.0,152.0,75.0,0.5105124771486456
90,Tyler Higbee,47.0,495.0,2.0,6.0,0.0,33.0,26.0,55.3,-0.0,246.0,70.0,0.3735274641281029
91,Cade Otton,47.0,455.0,4.0,6.0,0.0,27.0,22.0,46.8,-1.0,223.0,67.0,0.33258438190227124
92,Javonte Williams,47.0,228.0,2.0,0.0,0.0,18.0,10.0,21.3,-1.0,301.0,58.0,0.24904227020586
93,Rashid Shaheed,46.0,719.0,5.0,12.0,7.0,58.0,27.0,58.7,-0.0,151.0,75.0,0.5129987685212912
94,Mark Andrews,45.0,544.0,6.0,8.0,0.0,38.0,27.0,60.0,-1.0,217.0,61.0,0.38009244213154764
95,Gabe Davis,45.0,746.0,7.0,12.0,2.0,57.0,34.0,75.6,-1.0,180.0,81.0,0.4758280879408592
96,James Cook,44.0,445.0,4.0,7.0,1.0,48.0,16.0,36.4,-1.0,398.0,54.0,0.36423888597667786
97,Jerome Ford,44.0,319.0,5.0,2.0,1.0,50.0,16.0,36.4,-0.0,304.0,63.0,0.37355540922990327
98,Isiah Pacheco,44.0,244.0,2.0,2.0,0.0,33.0,12.0,27.3,-0.0,359.0,49.0,0.30953656943406815
99,Jonathan Mingo,43.0,418.0,0.0,6.0,1.0,40.0,15.0,34.9,-1.0,155.0,85.0,0.3042536385728185
100,Hunter Henry,42.0,419.0,6.0,2.0,0.0,24.0,29.0,69.0,-1.0,78.0,61.0,0.33075957089675795
101,Tee Higgins,42.0,656.0,5.0,8.0,2.0,80.0,33.0,78.6,-0.0,235.0,76.0,0.5016833577369494
103,Saquon Barkley,41.0,280.0,4.0,4.0,1.0,46.0,16.0,39.0,-0.0,226.0,60.0,0.3550168298081677
104,Rondale Moore,40.0,352.0,1.0,4.0,1.0,48.0,17.0,42.5,-1.0,216.0,62.0,0.3125193704976806
105,Josh Reynolds,40.0,608.0,5.0,17.0,0.0,33.0,32.0,80.0,-1.0,173.0,64.0,0.41513855405523825
106,Robert Woods,40.0,426.0,1.0,2.0,0.0,26.0,26.0,65.0,-0.0,126.0,75.0,0.33366302775309176
107,Tutu Atwell,39.0,483.0,3.0,8.0,2.0,44.0,26.0,66.7,-0.0,104.0,67.0,0.4007954287813375
108,Chuba Hubbard,39.0,233.0,0.0,1.0,0.0,25.0,9.0,23.1,-1.0,265.0,44.0,0.2276147203246368
109,Tanner Hudson,39.0,352.0,1.0,3.0,0.0,26.0,21.0,53.8,-0.0,148.0,50.0,0.30661967229170056
110,Trey Palmer,39.0,385.0,3.0,6.0,1.0,54.0,17.0,43.6,-3.0,103.0,68.0,0.2678938198110777
111,Khalil Shakir,39.0,611.0,2.0,10.0,2.0,81.0,26.0,66.7,-0.0,282.0,45.0,0.45511104829175736
112,D'Andre Swift,39.0,214.0,1.0,2.0,0.0,20.0,8.0,20.5,-1.0,267.0,49.0,0.23130676056440808
113,Michael Thomas,39.0,448.0,1.0,4.0,0.0,31.0,21.0,53.8,-0.0,100.0,64.0,0.32030310253446553
114,Dontayvion Wicks,39.0,581.0,4.0,11.0,0.0,35.0,29.0,74.4,-3.0,211.0,58.0,0.32216648601819187
115,Quentin Johnston,38.0,431.0,2.0,5.0,1.0,57.0,20.0,52.6,-0.0,152.0,67.0,0.3706737252788583
116,Josh Palmer,38.0,581.0,2.0,9.0,3.0,79.0,22.0,57.9,-1.0,196.0,61.0,0.4119469279343535
117,Rhamondre Stevenson,38.0,238.0,0.0,2.0,0.0,34.0,8.0,21.0,-0.0,261.0,51.0,0.269433173448262
118,Michael Wilson,38.0,565.0,3.0,7.0,1.0,69.0,29.0,76.3,-0.0,139.0,58.0,0.4273851842348855
119,Kendrick Bourne,37.0,406.0,4.0,5.0,0.0,36.0,15.0,40.5,-1.0,203.0,55.0,0.3058356300985199
120,Josh Jacobs,37.0,296.0,0.0,1.0,0.0,21.0,15.0,40.5,-1.0,293.0,54.0,0.2566818425193756
121,Juwan Johnson,37.0,368.0,4.0,7.0,0.0,32.0,23.0,62.2,-0.0,145.0,59.0,0.3593791736886036
122,Brian Robinson,36.0,368.0,4.0,8.0,2.0,51.0,15.0,41.7,-1.0,410.0,43.0,0.37004378323985365
123,Nelson Agholor,35.0,381.0,4.0,4.0,0.0,37.0,19.0,54.3,-1.0,141.0,45.0,0.3043127122017882
124,Odell Beckham Jr.,35.0,565.0,3.0,10.0,3.0,51.0,27.0,77.1,-1.0,155.0,64.0,0.41060035172789566
125,DJ Chark,35.0,525.0,5.0,9.0,2.0,47.0,22.0,62.9,-2.0,84.0,66.0,0.3482607497053038
126,Kalif Raymond,35.0,489.0,1.0,9.0,2.0,41.0,20.0,57.1,-0.0,214.0,44.0,0.3717596109919002
127,Durham Smythe,35.0,366.0,0.0,3.0,0.0,22.0,22.0,62.9,-0.0,139.0,43.0,0.29788927809755933
129,Michael Gallup,34.0,418.0,2.0,6.0,1.0,41.0,19.0,55.9,-0.0,104.0,57.0,0.3447330436089071
130,Roschon Johnson,34.0,209.0,0.0,2.0,0.0,24.0,6.0,17.6,-0.0,247.0,40.0,0.24227192077744578
131,Zay Jones,34.0,321.0,2.0,3.0,0.0,36.0,14.0,41.2,-0.0,51.0,64.0,0.2931552555999695
132,Luke Musgrave,34.0,352.0,1.0,5.0,0.0,37.0,14.0,41.2,-0.0,169.0,46.0,0.3014385122447791
133,Allen Robinson,34.0,280.0,0.0,2.0,0.0,31.0,9.0,26.5,-0.0,68.0,49.0,0.24473359086502794
134,Noah Brown,33.0,567.0,2.0,14.0,1.0,75.0,24.0,72.7,-0.0,223.0,55.0,0.44543710452924096
135,Zach Charbonnet,33.0,209.0,0.0,1.0,0.0,39.0,7.0,21.2,-0.0,248.0,40.0,0.25753804092655386
136,Taysom Hill,33.0,291.0,2.0,2.0,0.0,36.0,11.0,33.3,-0.0,133.0,40.0,0.2758085873685142
137,DeVante Parker,33.0,394.0,0.0,6.0,0.0,30.0,17.0,51.5,-0.0,126.0,55.0,0.303643609615678
138,Rashod Bateman,32.0,367.0,1.0,2.0,0.0,29.0,20.0,62.5,-0.0,59.0,56.0,0.29982083005385046
139,Noah Fant,32.0,414.0,0.0,7.0,1.0,51.0,16.0,50.0,-0.0,177.0,43.0,0.3357940104835926
140,Pat Freiermuth,32.0,308.0,2.0,3.0,0.0,29.0,17.0,53.1,-0.0,145.0,47.0,0.3020082518140829
141,Alec Pierce,32.0,514.0,2.0,8.0,2.0,58.0,24.0,75.0,-0.0,97.0,65.0,0.40707525849513826
142,Kyren Williams,32.0,206.0,3.0,2.0,0.0,24.0,9.0,28.1,-1.0,277.0,48.0,0.25227896183128906
143,Tucker Kraft,31.0,355.0,2.0,5.0,1.0,43.0,18.0,58.1,-0.0,232.0,40.0,0.3473317866635482
144,Jaleel McLaughlin,31.0,160.0,2.0,1.0,0.0,22.0,5.0,16.1,-0.0,290.0,36.0,0.2476426153090161
145,Darnell Mooney,31.0,414.0,1.0,7.0,1.0,41.0,20.0,64.5,-0.0,181.0,61.0,0.3596978698303506
146,Kenneth Gainwell,30.0,183.0,0.0,0.0,0.0,19.0,11.0,36.7,-0.0,175.0,37.0,0.23837995999840678
147,Kylen Granson,30.0,368.0,1.0,5.0,2.0,46.0,19.0,63.3,-0.0,128.0,50.0,0.35033430917795416
148,Aaron Jones,30.0,233.0,1.0,2.0,1.0,51.0,13.0,43.3,-1.0,271.0,43.0,0.289413323044576
149,Isaiah Likely,30.0,411.0,5.0,6.0,1.0,54.0,15.0,50.0,-0.0,216.0,40.0,0.3714537074844025
150,Alexander Mattison,30.0,192.0,3.0,1.0,1.0,47.0,5.0,16.7,-0.0,181.0,44.0,0.28010485950676706
151,Devin Singletary,30.0,193.0,0.0,2.0,1.0,41.0,7.0,23.3,-0.0,223.0,38.0,0.2671510199002298
152,Mike Gesicki,29.0,244.0,2.0,0.0,0.0,18.0,11.0,37.9,-0.0,88.0,45.0,0.24727142303701524
153,Najee Harris,29.0,170.0,0.0,1.0,0.0,32.0,9.0,31.0,-0.0,175.0,38.0,0.24595231935444747
155,Brandon Powell,29.0,324.0,1.0,6.0,0.0,28.0,18.0,62.1,-0.0,104.0,44.0,0.30417556558876163
156,JuJu Smith-Schuster,29.0,260.0,1.0,3.0,0.0,37.0,13.0,44.8,-0.0,94.0,47.0,0.2793664643335386
157,Kenneth Walker III,29.0,259.0,1.0,3.0,1.0,64.0,9.0,31.0,-0.0,317.0,37.0,0.323589539470246
158,Noah Gray,28.0,305.0,2.0,4.0,0.0,34.0,16.0,57.1,-0.0,140.0,41.0,0.30557787372179335
159,Derrick Henry,28.0,214.0,0.0,2.0,1.0,46.0,7.0,25.0,-0.0,275.0,36.0,0.27904492312597806
160,Justice Hill,28.0,206.0,1.0,4.0,0.0,24.0,8.0,28.6,-1.0,237.0,39.0,0.23082733489219143
161,Christian Watson,28.0,422.0,5.0,5.0,2.0,77.0,20.0,71.4,-0.0,105.0,53.0,0.4167286192401683
162,Nick Westbrook-Ikhine,28.0,370.0,3.0,8.0,0.0,33.0,18.0,64.3,-0.0,107.0,45.0,0.33378822273118647
163,De'Von Achane,27.0,197.0,3.0,2.0,0.0,23.0,10.0,37.0,-0.0,262.0,37.0,0.27879313184666393
164,Braxton Berrios,27.0,238.0,1.0,1.0,0.0,22.0,15.0,55.6,-0.0,85.0,33.0,0.2593299253882107
165,James Conner,27.0,165.0,2.0,2.0,0.0,34.0,11.0,40.7,-0.0,221.0,33.0,0.27782824415211765
166,Zach Ertz,27.0,187.0,1.0,0.0,0.0,17.0,8.0,29.6,-0.0,46.0,43.0,0.21740672656044732
167,Michael Mayer,27.0,304.0,2.0,2.0,0.0,32.0,19.0,70.4,-0.0,164.0,40.0,0.31461437155451083
168,Zack Moss,27.0,192.0,2.0,1.0,0.0,26.0,10.0,37.0,-0.0,189.0,37.0,0.26155846407078664
169,Donald Parham,27.0,285.0,4.0,2.0,0.0,24.0,22.0,81.5,-0.0,126.0,41.0,0.32862648741846023
170,Miles Sanders,27.0,154.0,0.0,0.0,0.0,14.0,8.0,29.6,-0.0,158.0,41.0,0.21980126336276254
171,Kadarius Toney,27.0,169.0,1.0,0.0,0.0,18.0,12.0,44.4,-1.0,128.0,38.0,0.21340985396024362
172,Justin Watson,27.0,460.0,3.0,8.0,1.0,41.0,21.0,77.8,-1.0,47.0,53.0,0.3368346276763663
173,Demarcus Robinson,26.0,371.0,4.0,7.0,0.0,37.0,20.0,76.9,-2.0,89.0,39.0,0.2875875383605017
174,Daniel Bellinger,25.0,255.0,0.0,4.0,0.0,26.0,6.0,24.0,-0.0,134.0,28.0,0.23036564438968615
175,Austin Hooper,25.0,234.0,0.0,2.0,0.0,21.0,12.0,48.0,-0.0,142.0,31.0,0.24917417549408116
176,Trenton Irwin,25.0,316.0,1.0,7.0,0.0,32.0,15.0,60.0,-1.0,110.0,32.0,0.2668353792664232
177,Jerick McKinnon,25.0,192.0,4.0,1.0,0.0,27.0,10.0,40.0,-0.0,219.0,32.0,0.27914650755881504
178,Raheem Mostert,25.0,175.0,3.0,1.0,0.0,22.0,6.0,24.0,-2.0,213.0,32.0,0.18607441935744495
179,Colby Parkinson,25.0,247.0,2.0,5.0,0.0,27.0,11.0,44.0,-0.0,86.0,34.0,0.2684010521917307
181,Hunter Renfrow,25.0,255.0,0.0,3.0,0.0,38.0,11.0,44.0,-1.0,152.0,37.0,0.23940513293158236
182,Michael Carter,24.0,101.0,1.0,0.0,0.0,10.0,5.0,20.8,-0.0,87.0,31.0,0.19192827118660735
183,Greg Dortch,24.0,280.0,2.0,3.0,0.0,38.0,14.0,58.3,-0.0,152.0,41.0,0.30255037265381307
184,Jameson Williams,24.0,354.0,2.0,5.0,2.0,63.0,14.0,58.3,-1.0,105.0,42.0,0.3210931854212982
185,Connor Heyward,23.0,167.0,0.0,0.0,0.0,13.0,8.0,34.8,-0.0,94.0,34.0,0.20893079763387143
186,Jalin Hyatt,23.0,373.0,0.0,7.0,3.0,58.0,11.0,47.8,-1.0,48.0,40.0,0.2972679823716045
187,Allen Lazard,23.0,311.0,1.0,5.0,0.0,39.0,17.0,73.9,-0.0,56.0,49.0,0.3123498499578098
188,Tommy Tremble,23.0,194.0,3.0,2.0,0.0,30.0,10.0,43.5,-0.0,95.0,32.0,0.2633488485826854
189,AJ Dillon,22.0,223.0,0.0,4.0,0.0,35.0,10.0,45.4,-0.0,231.0,28.0,0.27210522585192376
190,Dawson Knox,22.0,186.0,2.0,0.0,0.0,17.0,13.0,59.1,-0.0,96.0,36.0,0.2558922497552298
191,Marvin Mims Jr.,22.0,377.0,1.0,6.0,4.0,60.0,9.0,40.9,-0.0,154.0,33.0,0.3450355952339079
192,Chris Moore,22.0,424.0,0.0,9.0,3.0,49.0,16.0,72.7,-1.0,57.0,35.0,0.32326109195265784
193,Josh Oliver,22.0,213.0,2.0,3.0,0.0,33.0,12.0,54.6,-1.0,162.0,28.0,0.25149824799829756
194,Drew Sample,22.0,163.0,2.0,1.0,0.0,22.0,9.0,40.9,-0.0,173.0,27.0,0.24748133809685366
195,Jalen Tolbert,22.0,268.0,2.0,3.0,1.0,45.0,13.0,59.1,-0.0,34.0,36.0,0.29857571694271373
196,Adam Trautman,22.0,204.0,3.0,2.0,0.0,24.0,10.0,45.4,-0.0,98.0,35.0,0.26091030871930365
197,Ced Wilson,22.0,296.0,3.0,5.0,0.0,31.0,14.0,63.6,-0.0,57.0,38.0,0.2987682697982686
198,Ty Chandler,21.0,159.0,0.0,0.0,0.0,19.0,7.0,33.3,-0.0,206.0,25.0,0.2207491657953227
199,Emari Demercado,21.0,119.0,0.0,1.0,0.0,22.0,4.0,19.0,-0.0,109.0,30.0,0.19811172605756056
200,Xavier Gipson,21.0,229.0,0.0,4.0,0.0,36.0,9.0,42.9,-0.0,109.0,38.0,0.258088838382363
201,Isaiah Hodgins,21.0,230.0,3.0,1.0,0.0,24.0,12.0,57.1,-1.0,75.0,33.0,0.2367191849481208
202,Skyy Moore,21.0,244.0,1.0,3.0,1.0,54.0,13.0,61.9,-0.0,109.0,38.0,0.3120510621603744
203,Foster Moreau,21.0,193.0,1.0,1.0,0.0,23.0,9.0,42.9,-0.0,96.0,25.0,0.23266425672130497
204,Cedric Tillman,21.0,224.0,0.0,1.0,0.0,23.0,12.0,57.1,-0.0,88.0,44.0,0.2522215348537328
205,Marquez Valdes-Scantling,21.0,315.0,1.0,5.0,1.0,46.0,14.0,66.7,-1.0,92.0,42.0,0.2890229231853338
207,Parris Campbell,20.0,104.0,0.0,0.0,0.0,17.0,2.0,10.0,-0.0,65.0,27.0,0.17074105036335818
208,Khalil Herbert,20.0,134.0,1.0,1.0,0.0,23.0,9.0,45.0,-1.0,138.0,31.0,0.2092898219945973
209,Van Jefferson,20.0,209.0,0.0,1.0,1.0,46.0,10.0,50.0,-0.0,25.0,43.0,0.2656757783556683
210,Ameer Abdullah,19.0,131.0,0.0,0.0,0.0,18.0,4.0,21.0,-0.0,88.0,24.0,0.18602755329026302
211,John Bates,19.0,151.0,0.0,1.0,0.0,35.0,6.0,31.6,-0.0,65.0,28.0,0.217606145477652
212,Jake Bobo,19.0,196.0,2.0,3.0,0.0,31.0,9.0,47.4,-0.0,87.0,25.0,0.25525402175414513
213,Jauan Jennings,19.0,265.0,1.0,4.0,0.0,31.0,12.0,63.2,-0.0,89.0,33.0,0.2769368416145723
214,Brandon Johnson,19.0,284.0,4.0,6.0,1.0,50.0,12.0,63.2,-0.0,89.0,30.0,0.33225567048743304
215,Terrace Marshall Jr.,19.0,139.0,0.0,0.0,0.0,14.0,8.0,42.1,-1.0,48.0,33.0,0.17509142048339507
216,Jonathan Taylor,19.0,153.0,1.0,2.0,1.0,40.0,5.0,26.3,-0.0,174.0,23.0,0.24892735557034582
217,Tre Tucker,19.0,331.0,2.0,6.0,3.0,50.0,12.0,63.2,-0.0,28.0,34.0,0.33473239001870286
218,Mike Williams,19.0,249.0,1.0,4.0,1.0,49.0,9.0,47.4,-0.0,108.0,26.0,0.2850908282649003
219,Tyler Allgeier,18.0,193.0,1.0,2.0,2.0,75.0,6.0,33.3,-0.0,217.0,23.0,0.3077122211494755
220,Mack Hollins,18.0,251.0,0.0,3.0,1.0,45.0,9.0,50.0,-0.0,55.0,30.0,0.26772461781311613
221,Hayden Hurst,18.0,184.0,1.0,1.0,1.0,48.0,7.0,38.9,-0.0,67.0,32.0,0.25838006218506526
222,Will Mallory,18.0,207.0,0.0,1.0,1.0,43.0,11.0,61.1,-1.0,89.0,26.0,0.24174822491299033
223,Irv Smith,18.0,115.0,1.0,0.0,0.0,14.0,5.0,27.8,-1.0,66.0,26.0,0.16260567607339801
224,Jamaal Williams,18.0,62.0,0.0,0.0,0.0,12.0,1.0,5.6,-0.0,87.0,20.0,0.1564331207418038
225,Calvin Austin III,17.0,180.0,1.0,1.0,1.0,72.0,7.0,41.2,-0.0,73.0,30.0,0.28273196895668123
226,Matt Breida,17.0,88.0,0.0,2.0,0.0,22.0,2.0,11.8,-1.0,89.0,21.0,0.15023681317938956
227,Will Dissly,17.0,172.0,1.0,2.0,0.0,21.0,8.0,47.1,-0.0,120.0,22.0,0.2341153924962218
228,Rico Dowdle,17.0,144.0,2.0,1.0,0.0,32.0,6.0,35.3,-0.0,170.0,22.0,0.24110554255123642
229,Clyde Edwards-Helaire,17.0,188.0,1.0,3.0,1.0,48.0,7.0,41.2,-0.0,228.0,22.0,0.282570388729421
230,Brevin Jordan,17.0,219.0,2.0,3.0,0.0,27.0,13.0,76.5,-0.0,124.0,21.0,0.2846908063887302
231,Johnny Mundt,17.0,172.0,1.0,2.0,0.0,32.0,8.0,47.1,-0.0,94.0,23.0,0.24190137186084798
233,Latavius Murray,17.0,119.0,0.0,2.0,0.0,22.0,7.0,41.2,-1.0,92.0,22.0,0.18492013752987765
234,Tyler Scott,17.0,168.0,0.0,1.0,0.0,30.0,10.0,58.8,-1.0,70.0,32.0,0.21359873688546502
235,Deven Thompkins,17.0,83.0,1.0,1.0,0.0,26.0,5.0,29.4,-1.0,74.0,25.0,0.17710635321282653
236,Salvon Ahmed,16.0,88.0,1.0,1.0,0.0,20.0,4.0,25.0,-0.0,109.0,23.0,0.19959030372407893
237,Treylon Burks,16.0,221.0,0.0,4.0,1.0,70.0,8.0,50.0,-0.0,71.0,30.0,0.2933119014125316
238,Jamison Crowder,16.0,159.0,1.0,1.0,0.0,26.0,8.0,50.0,-0.0,80.0,20.0,0.2306849750917257
239,Alex Erickson,16.0,232.0,1.0,4.0,0.0,27.0,12.0,75.0,-0.0,58.0,29.0,0.27356931287248415
240,Bo Melton,16.0,218.0,1.0,3.0,0.0,37.0,13.0,81.2,-0.0,37.0,24.0,0.2808246177457582
241,John Metchie III,16.0,158.0,0.0,1.0,0.0,22.0,7.0,43.8,-0.0,84.0,30.0,0.21873113401697158
242,David Montgomery,16.0,117.0,0.0,0.0,0.0,19.0,7.0,43.8,-0.0,149.0,24.0,0.2162019716139594
243,Jeremy Ruckert,16.0,151.0,0.0,1.0,0.0,23.0,6.0,37.5,-0.0,51.0,22.0,0.20395368875624598
244,Parker Washington,16.0,132.0,2.0,0.0,0.0,19.0,5.0,31.2,-1.0,34.0,21.0,0.1700155109428021
245,Jordan Akins,15.0,132.0,0.0,1.0,0.0,28.0,6.0,40.0,-0.0,58.0,23.0,0.21085330772460845
246,Dalvin Cook,15.0,78.0,0.0,0.0,0.0,15.0,3.0,20.0,-0.0,106.0,20.0,0.1757069962332426
247,Derius Davis,15.0,66.0,0.0,0.0,0.0,18.0,0.0,0.0,-0.0,115.0,17.0,0.15621712952164188
248,Mecole Hardman,15.0,124.0,0.0,1.0,0.0,37.0,8.0,53.3,-0.0,108.0,24.0,0.24075411178903258
249,Deonte Harty,15.0,150.0,1.0,2.0,1.0,43.0,9.0,60.0,-0.0,79.0,21.0,0.2698939419249591
250,Malik Heath,15.0,125.0,1.0,0.0,0.0,16.0,6.0,40.0,-0.0,35.0,24.0,0.20006508053682429
251,Kareem Hunt,15.0,84.0,0.0,0.0,0.0,13.0,5.0,33.3,-0.0,98.0,21.0,0.18778178118490405
252,Andrei Iosivas,15.0,116.0,4.0,0.0,0.0,16.0,11.0,73.3,-0.0,35.0,25.0,0.25686047653326327
253,Kyle Philips,15.0,181.0,0.0,4.0,0.0,29.0,9.0,60.0,-0.0,79.0,22.0,0.24746162556472945
254,Quez Watkins,15.0,142.0,1.0,0.0,0.0,19.0,8.0,53.3,-0.0,46.0,21.0,0.21804992043361085
255,Zamir White,15.0,98.0,0.0,0.0,0.0,15.0,4.0,26.7,-0.0,94.0,19.0,0.18176978022996124
256,Jamal Agnew,14.0,225.0,1.0,2.0,2.0,65.0,8.0,57.1,-1.0,76.0,21.0,0.2700684832434699
257,David Bell,14.0,167.0,3.0,3.0,1.0,41.0,9.0,64.3,-0.0,73.0,23.0,0.28929363700162436
259,Chase Brown,14.0,156.0,1.0,2.0,1.0,54.0,4.0,28.6,-0.0,194.0,15.0,0.25846510548552704
260,Chase Edmonds,14.0,81.0,0.0,0.0,0.0,14.0,5.0,35.7,-0.0,111.0,17.0,0.18969158577359443
261,Elijah Higgins,14.0,163.0,1.0,3.0,0.0,26.0,9.0,64.3,-0.0,67.0,19.0,0.24746041388276552
262,KhaDarel Hodge,14.0,232.0,0.0,3.0,1.0,52.0,13.0,92.9,-0.0,83.0,23.0,0.31405580305492936
263,Kyle Juszczyk,14.0,119.0,2.0,1.0,0.0,22.0,8.0,57.1,-0.0,58.0,17.0,0.23217612990255682
264,Byron Pringle,14.0,161.0,0.0,1.0,0.0,26.0,7.0,50.0,-0.0,31.0,22.0,0.21563813652897948
265,Jeff Wilson,14.0,85.0,0.0,0.0,0.0,12.0,3.0,21.4,-0.0,69.0,17.0,0.1671154495780625
266,Mo Alie-Cox,13.0,161.0,3.0,2.0,0.0,35.0,9.0,69.2,-0.0,80.0,22.0,0.2740009177623083
267,Pharaoh Brown,13.0,208.0,1.0,5.0,1.0,58.0,8.0,61.5,-1.0,121.0,15.0,0.267827891986532
268,Harrison Bryant,13.0,81.0,3.0,1.0,0.0,23.0,4.0,30.8,-0.0,35.0,20.0,0.20765732129044048
269,Luke Farrell,13.0,155.0,0.0,2.0,1.0,42.0,5.0,38.5,-0.0,96.0,15.0,0.2358827356655296
270,Lil'Jordan Humphrey,13.0,162.0,3.0,1.0,1.0,54.0,9.0,69.2,-0.0,99.0,19.0,0.3005793687653999
271,Alec Ingold,13.0,119.0,0.0,1.0,0.0,23.0,5.0,38.5,-0.0,91.0,16.0,0.2021140276594199
272,Donovan Peoples-Jones,13.0,155.0,0.0,2.0,0.0,29.0,7.0,53.8,-0.0,35.0,25.0,0.2261893432893868
273,Dameon Pierce,13.0,101.0,0.0,1.0,0.0,27.0,3.0,23.1,-0.0,95.0,17.0,0.18998476485203986
274,Tyquan Thornton,13.0,91.0,0.0,0.0,0.0,15.0,3.0,23.1,-0.0,50.0,23.0,0.1717003194164855
275,Brock Wright,13.0,91.0,1.0,1.0,0.0,25.0,2.0,15.4,-0.0,49.0,14.0,0.17869859458110857
276,Dyami Brown,12.0,168.0,1.0,2.0,0.0,35.0,8.0,66.7,-0.0,76.0,23.0,0.256217864482375
277,Gus Edwards,12.0,180.0,0.0,2.0,1.0,80.0,5.0,41.7,-1.0,145.0,13.0,0.25165801392017173
278,Ray-Ray McCloud,12.0,135.0,0.0,2.0,1.0,41.0,7.0,58.3,-0.0,87.0,15.0,0.25212002364653396
279,A.T. Perry,12.0,246.0,4.0,5.0,1.0,44.0,10.0,83.3,-0.0,20.0,18.0,0.3165951047246777
280,Stephen Sullivan,12.0,125.0,0.0,1.0,0.0,20.0,5.0,41.7,-0.0,8.0,24.0,0.19465500314878154
281,KaVontae Turpin,12.0,127.0,3.0,2.0,0.0,34.0,9.0,75.0,-0.0,39.0,18.0,0.2682481829357441
282,Cam Akers,11.0,70.0,0.0,1.0,0.0,30.0,2.0,18.2,-0.0,78.0,12.0,0.17940489527451775
283,Andrew Beck,11.0,55.0,2.0,1.0,0.0,26.0,4.0,36.4,-1.0,37.0,13.0,0.1721820669760093
285,Lynn Bowden,11.0,83.0,0.0,0.0,0.0,17.0,2.0,18.2,-0.0,57.0,16.0,0.1634778295873215
286,D'Onta Foreman,11.0,77.0,1.0,0.0,0.0,17.0,6.0,54.6,-0.0,65.0,16.0,0.2087140576283675
287,Julio Jones,11.0,74.0,3.0,1.0,0.0,22.0,4.0,36.4,-0.0,28.0,19.0,0.20843298296915053
288,Tim Jones,11.0,83.0,0.0,0.0,0.0,15.0,4.0,36.4,-0.0,31.0,18.0,0.17781160213557454
289,Isaiah McKenzie,11.0,82.0,0.0,1.0,0.0,30.0,4.0,36.4,-0.0,72.0,14.0,0.19897843151264769
290,Scott Miller,11.0,161.0,2.0,2.0,2.0,56.0,6.0,54.6,-0.0,80.0,16.0,0.28653442518267247
291,Trent Sherfield,11.0,86.0,1.0,0.0,0.0,12.0,4.0,36.4,-0.0,49.0,22.0,0.1865142569194987
292,Stone Smartt,11.0,155.0,1.0,3.0,1.0,51.0,6.0,54.6,-0.0,56.0,21.0,0.2667654777848373
293,Patrick Taylor,11.0,49.0,0.0,0.0,0.0,16.0,4.0,36.4,-0.0,59.0,17.0,0.1803153678850018
294,Robert Tonyan,11.0,112.0,0.0,1.0,0.0,24.0,6.0,54.6,-0.0,57.0,17.0,0.2129041558557831
295,Cole Turner,11.0,120.0,0.0,2.0,0.0,29.0,4.0,36.4,-0.0,50.0,15.0,0.20061498235713723
296,Davis Allen,10.0,95.0,1.0,1.0,0.0,21.0,7.0,70.0,-0.0,74.0,11.0,0.22960419391958428
297,Jalen Guyton,10.0,89.0,1.0,0.0,0.0,18.0,6.0,60.0,-0.0,32.0,21.0,0.21261239291910067
298,Darrell Henderson,10.0,103.0,0.0,1.0,0.0,32.0,3.0,30.0,-0.0,134.0,14.0,0.2026246018313749
299,Richie James,10.0,114.0,0.0,1.0,1.0,45.0,5.0,50.0,-0.0,61.0,14.0,0.2365703776444576
300,D'Ernest Johnson,10.0,140.0,0.0,2.0,1.0,42.0,6.0,60.0,-0.0,136.0,12.0,0.25728277455449233
301,Kendre Miller,10.0,117.0,0.0,2.0,0.0,33.0,5.0,50.0,-0.0,128.0,11.0,0.22544992001645384
302,Laviska Shenault Jr.,10.0,60.0,0.0,0.0,0.0,14.0,2.0,20.0,-0.0,85.0,10.0,0.1608993376066675
303,Sterling Shepard,10.0,57.0,1.0,0.0,0.0,13.0,4.0,40.0,-0.0,33.0,22.0,0.1863978524139573
304,Geoff Swaim,10.0,94.0,0.0,1.0,0.0,26.0,4.0,40.0,-0.0,30.0,11.0,0.19099021563450025
305,Olamide Zaccheaus,10.0,164.0,2.0,4.0,0.0,34.0,7.0,70.0,-0.0,52.0,20.0,0.2639022951106141
306,River Cracraft,9.0,121.0,1.0,2.0,0.0,24.0,8.0,88.9,-0.0,49.0,12.0,0.25165868168978683
307,Keaton Mitchell,9.0,93.0,0.0,1.0,0.0,32.0,5.0,55.6,-0.0,122.0,11.0,0.22365397783454294
308,Andrew Ogletree,9.0,147.0,2.0,4.0,0.0,33.0,8.0,88.9,-0.0,30.0,21.0,0.2771532582223429
309,Cordarrelle Patterson,9.0,38.0,1.0,0.0,0.0,11.0,2.0,22.2,-0.0,37.0,12.0,0.15969318734916751
311,MyCole Pruitt,9.0,110.0,1.0,2.0,0.0,22.0,6.0,66.7,-1.0,46.0,12.0,0.19607317427579643
312,Josh Whyle,9.0,94.0,1.0,1.0,0.0,24.0,8.0,88.9,-0.0,40.0,15.0,0.2475187170629372
313,Mitchell Wilcox,9.0,56.0,0.0,0.0,0.0,12.0,2.0,22.2,-0.0,48.0,12.0,0.15605719178514438
314,Chase Claypool,8.0,77.0,1.0,1.0,0.0,20.0,4.0,50.0,-0.0,25.0,21.0,0.20335121508154685
315,Josiah Deguara,8.0,65.0,0.0,0.0,0.0,19.0,3.0,37.5,-0.0,39.0,8.0,0.17430785486411063
316,Xavier Hutchinson,8.0,90.0,0.0,1.0,0.0,34.0,3.0,37.5,-0.0,20.0,19.0,0.1965284380620753
317,Joshua Kelley,8.0,32.0,0.0,0.0,0.0,6.0,0.0,0.0,-0.0,39.0,12.0,0.12464289991752843
318,Lucas Krull,8.0,95.0,1.0,1.0,0.0,35.0,5.0,62.5,-0.0,50.0,14.0,0.2310932078497406
319,Luke Schoonmaker,8.0,65.0,2.0,0.0,0.0,18.0,5.0,62.5,-0.0,27.0,15.0,0.21426155815247713
320,Ben Skowronek,8.0,66.0,1.0,1.0,0.0,20.0,3.0,37.5,-0.0,30.0,12.0,0.18633459321750465
321,Ihmir Smith-Marsette,8.0,51.0,0.0,0.0,0.0,18.0,5.0,62.5,-0.0,48.0,10.0,0.19979035692919558
322,Samori Toure,8.0,78.0,0.0,1.0,0.0,35.0,4.0,50.0,-0.0,18.0,18.0,0.20857418747577114
323,C.J. Uzomah,8.0,58.0,1.0,0.0,0.0,19.0,5.0,62.5,-0.0,33.0,12.0,0.20714035546568246
324,Israel Abanikanda,7.0,43.0,0.0,0.0,0.0,13.0,2.0,28.6,-0.0,46.0,11.0,0.15988405873904685
325,Mike Boone,7.0,40.0,0.0,0.0,0.0,12.0,2.0,28.6,-0.0,33.0,9.0,0.1559737245852966
326,Darrynton Evans,7.0,49.0,0.0,0.0,0.0,17.0,2.0,28.6,-0.0,69.0,12.0,0.1676990670865625
327,C.J. Ham,7.0,25.0,0.0,0.0,0.0,7.0,1.0,14.3,-0.0,20.0,9.0,0.1344939474132284
328,Ty Johnson,7.0,62.0,1.0,1.0,0.0,28.0,2.0,28.6,-0.0,60.0,7.0,0.18542869720929026
329,Charlie Jones,7.0,64.0,0.0,1.0,0.0,35.0,3.0,42.9,-0.0,38.0,9.0,0.19756321630882615
330,Tony Jones,7.0,37.0,0.0,0.0,0.0,11.0,1.0,14.3,-0.0,44.0,10.0,0.1427445626552071
331,Charlie Kolar,7.0,87.0,1.0,0.0,0.0,19.0,5.0,71.4,-0.0,17.0,9.0,0.2122208934459618
332,Jalen Reagor,7.0,138.0,0.0,3.0,0.0,39.0,5.0,71.4,-0.0,18.0,23.0,0.24415237163773382
333,Deuce Vaughn,7.0,40.0,0.0,0.0,0.0,11.0,1.0,14.3,-0.0,46.0,7.0,0.14160505085131808
334,Darnell Washington,7.0,61.0,0.0,0.0,0.0,12.0,4.0,57.1,-0.0,50.0,10.0,0.1879276374142112
335,Trayveon Williams,7.0,10.0,0.0,0.0,0.0,5.0,0.0,0.0,-0.0,35.0,9.0,0.11970107929746689
337,Ronnie Bell,6.0,68.0,3.0,1.0,0.0,20.0,5.0,83.3,-0.0,10.0,13.0,0.2405579714479521
338,Raheem Blackshear,6.0,45.0,0.0,0.0,0.0,19.0,1.0,16.7,-0.0,38.0,7.0,0.15002165921405863
339,Jalen Brooks,6.0,64.0,0.0,1.0,0.0,24.0,4.0,66.7,-0.0,28.0,6.0,0.20587895647740276
340,DeeJay Dallas,6.0,26.0,0.0,0.0,0.0,14.0,1.0,16.7,-0.0,31.0,9.0,0.14427962343576395
341,Keelan Doss,6.0,33.0,0.0,0.0,0.0,9.0,1.0,16.7,-0.0,14.0,13.0,0.13954230496914735
342,Tyler Goodson,6.0,34.0,0.0,0.0,0.0,15.0,1.0,16.7,-0.0,51.0,9.0,0.14834085489270316
343,Jimmy Graham,6.0,39.0,4.0,0.0,0.0,12.0,6.0,100.0,-0.0,3.0,7.0,0.24736032156669197
344,Eric Gray,6.0,22.0,0.0,0.0,0.0,9.0,0.0,0.0,-0.0,40.0,7.0,0.1230817111478589
345,Julian Hill,6.0,48.0,0.0,0.0,0.0,18.0,2.0,33.3,-1.0,30.0,9.0,0.13504435989201172
346,Elijah Mitchell,6.0,14.0,0.0,0.0,0.0,9.0,2.0,33.3,-0.0,26.0,8.0,0.1537852903227944
347,Justyn Ross,6.0,53.0,0.0,1.0,0.0,20.0,2.0,33.3,-0.0,15.0,11.0,0.1697161875201217
348,Isaiah Spiller,6.0,34.0,0.0,0.0,0.0,10.0,1.0,16.7,-0.0,39.0,6.0,0.1402858173429468
349,Blake Bell,5.0,26.0,1.0,0.0,0.0,8.0,1.0,20.0,-1.0,19.0,9.0,0.11573154508746396
350,Gary Brightwell,5.0,47.0,0.0,0.0,0.0,18.0,2.0,40.0,-0.0,53.0,7.0,0.17266907923723582
351,Jason Brownlee,5.0,56.0,1.0,1.0,0.0,24.0,2.0,40.0,-0.0,20.0,8.0,0.18520897090057567
352,Randall Cobb,5.0,39.0,1.0,0.0,0.0,15.0,3.0,60.0,-0.0,23.0,17.0,0.19677689213993832
353,Payne Durham,5.0,58.0,0.0,1.0,0.0,25.0,3.0,60.0,-0.0,16.0,7.0,0.19751527967204388
354,Brycen Hopkins,5.0,78.0,0.0,2.0,0.0,29.0,3.0,60.0,-0.0,32.0,7.0,0.20771056724651782
355,Deon Jackson,5.0,14.0,0.0,0.0,0.0,8.0,0.0,0.0,-1.0,20.0,6.0,0.08743402692799634
356,Marvin Jones,5.0,35.0,0.0,0.0,0.0,16.0,2.0,40.0,-1.0,9.0,10.0,0.13546670588563428
357,Keith Kirkwood,5.0,37.0,1.0,0.0,0.0,13.0,3.0,60.0,-0.0,1.0,9.0,0.18761565370042674
358,Ty Montgomery,5.0,40.0,0.0,0.0,0.0,17.0,3.0,60.0,-0.0,27.0,12.0,0.18972810736374723
359,David Moore,5.0,94.0,1.0,1.0,1.0,52.0,3.0,60.0,-0.0,62.0,7.0,0.24897926820489882
360,Craig Reynolds,5.0,47.0,0.0,1.0,0.0,28.0,2.0,40.0,-0.0,59.0,5.0,0.18534459073129692
361,Patrick Ricard,5.0,52.0,1.0,1.0,0.0,28.0,3.0,60.0,-0.0,35.0,7.0,0.20968691518784927
363,Ronnie Rivers,5.0,22.0,0.0,0.0,0.0,10.0,0.0,0.0,-0.0,41.0,5.0,0.12239040947991535
364,Equanimeous St. Brown,5.0,62.0,0.0,1.0,0.0,21.0,3.0,60.0,-0.0,7.0,6.0,0.19207998800882822
365,Jack Stoll,5.0,38.0,0.0,0.0,0.0,14.0,2.0,40.0,-0.0,25.0,8.0,0.16507184955948664
366,Brenton Strange,5.0,35.0,1.0,0.0,0.0,17.0,2.0,40.0,-0.0,28.0,9.0,0.17576837966147305
367,Pierre Strong,5.0,47.0,0.0,1.0,1.0,41.0,1.0,20.0,-0.0,73.0,8.0,0.1923118352104847
368,Ian Thomas,5.0,56.0,0.0,1.0,0.0,28.0,1.0,20.0,-0.0,33.0,9.0,0.16511149908296033
369,Nate Adkins,4.0,22.0,0.0,0.0,0.0,11.0,1.0,25.0,-0.0,24.0,5.0,0.14414711614227035
370,Robbie Chosen,4.0,126.0,1.0,2.0,1.0,68.0,3.0,75.0,-0.0,31.0,6.0,0.2775587899842092
371,Lawrence Cager,4.0,36.0,1.0,0.0,0.0,10.0,2.0,50.0,-0.0,27.0,5.0,0.1750909745649184
372,Grant Calcaterra,4.0,39.0,0.0,0.0,0.0,12.0,3.0,75.0,-0.0,32.0,4.0,0.1941772666139136
373,DeAndre Carter,4.0,39.0,0.0,0.0,0.0,16.0,0.0,0.0,-0.0,50.0,7.0,0.13059160334883615
374,Nick Chubb,4.0,21.0,0.0,0.0,0.0,10.0,1.0,25.0,-0.0,20.0,4.0,0.14206352791512078
375,Britain Covey,4.0,42.0,0.0,1.0,0.0,22.0,2.0,50.0,-0.0,26.0,6.0,0.18364988809293054
376,Devin Duvernay,4.0,18.0,0.0,0.0,0.0,10.0,0.0,0.0,-0.0,17.0,9.0,0.12028535357390067
377,Marquise Goodwin,4.0,67.0,0.0,1.0,1.0,57.0,1.0,25.0,-0.0,21.0,13.0,0.20836372109586587
378,Peyton Hendershot,4.0,38.0,0.0,1.0,0.0,24.0,1.0,25.0,-0.0,28.0,7.0,0.16236899312969336
379,Keaontay Ingram,4.0,26.0,0.0,0.0,0.0,9.0,1.0,25.0,-0.0,31.0,4.0,0.14281220597024402
380,Rakim Jarrett,4.0,60.0,0.0,1.0,1.0,41.0,1.0,25.0,-0.0,27.0,9.0,0.19109825407125847
381,Velus Jones Jr.,4.0,20.0,0.0,0.0,0.0,11.0,1.0,25.0,-0.0,15.0,7.0,0.1438788117741113
382,Marcedes Lewis,4.0,29.0,1.0,0.0,0.0,16.0,2.0,50.0,-0.0,29.0,5.0,0.18087246914279642
383,Zach Pascal,4.0,19.0,0.0,0.0,0.0,9.0,1.0,25.0,-0.0,12.0,15.0,0.14562711532061764
384,Boston Scott,4.0,52.0,0.0,1.0,0.0,27.0,2.0,50.0,-0.0,43.0,6.0,0.1913194429246193
385,Ben Sims,4.0,21.0,1.0,0.0,0.0,12.0,3.0,75.0,-0.0,18.0,6.0,0.19942748770880517
386,Austin Trammell,4.0,29.0,0.0,0.0,0.0,14.0,2.0,50.0,-0.0,35.0,7.0,0.17376789420493577
387,Emanuel Wilson,4.0,23.0,0.0,0.0,0.0,9.0,1.0,25.0,-0.0,30.0,5.0,0.14304684094005268
389,Alex Armah,3.0,13.0,0.0,0.0,0.0,10.0,1.0,33.3,-0.0,27.0,3.0,0.14886211918207037
390,Nick Bawden,3.0,21.0,0.0,0.0,0.0,8.0,1.0,33.3,-0.0,22.0,3.0,0.14663869419734485
391,Khari Blasingame,3.0,2.0,0.0,0.0,0.0,4.0,0.0,0.0,-0.0,5.0,6.0,0.10968479647162938
392,Miles Boykin,3.0,17.0,0.0,0.0,0.0,6.0,0.0,0.0,-0.0,2.0,4.0,0.11095242375508106
393,Michael Burton,3.0,8.0,0.0,0.0,0.0,4.0,2.0,66.7,-0.0,6.0,3.0,0.17138890594784803
394,Chris Conley,3.0,69.0,0.0,1.0,1.0,48.0,2.0,66.7,-0.0,28.0,6.0,0.23520923971851185
395,Elijah Cooks,3.0,38.0,0.0,1.0,0.0,23.0,2.0,66.7,-0.0,8.0,4.0,0.19539178958768427
396,Jashaun Corbin,3.0,12.0,0.0,0.0,0.0,7.0,1.0,33.3,-0.0,13.0,3.0,0.1440021352124959
397,Greg Dulcich,3.0,25.0,0.0,0.0,0.0,13.0,2.0,66.7,-0.0,5.0,4.0,0.1814262705085423
398,Melvin Gordon,3.0,46.0,0.0,1.0,0.0,23.0,3.0,100.0,-0.0,28.0,3.0,0.2293240409432376
399,Kevin Harris,3.0,58.0,0.0,1.0,1.0,48.0,2.0,66.7,-0.0,59.0,3.0,0.23725461691380323
400,Hunter Luepke,3.0,18.0,0.0,0.0,0.0,12.0,1.0,33.3,-0.0,16.0,4.0,0.15011297656894765
401,Jordan Mason,3.0,31.0,0.0,0.0,0.0,13.0,1.0,33.3,-0.0,23.0,4.0,0.15268238227042352
402,D.J. Montgomery,3.0,56.0,1.0,1.0,0.0,34.0,3.0,100.0,-0.0,28.0,8.0,0.2501696765216609
403,Jalen Nailor,3.0,29.0,0.0,0.0,0.0,16.0,1.0,33.3,-0.0,21.0,6.0,0.15628521865607717
404,La'Mical Perine,3.0,33.0,0.0,1.0,0.0,25.0,1.0,33.3,-0.0,32.0,5.0,0.16937412971386104
405,Eric Saubert,3.0,12.0,0.0,0.0,0.0,5.0,1.0,33.3,-0.0,6.0,3.0,0.14110851156523252
406,Trey Sermon,3.0,13.0,0.0,0.0,0.0,7.0,0.0,0.0,-0.0,6.0,6.0,0.11330422359372584
407,Steven Sims,3.0,25.0,0.0,1.0,0.0,23.0,1.0,33.3,-0.0,27.0,3.0,0.16530768318462144
408,Keith Smith,3.0,33.0,0.0,1.0,0.0,28.0,1.0,33.3,-0.0,15.0,3.0,0.1689882885115768
409,Charlie Woerner,3.0,32.0,0.0,1.0,0.0,20.0,1.0,33.3,-0.0,20.0,3.0,0.16178831890198814
410,Kayshon Boutte,2.0,19.0,0.0,0.0,0.0,11.0,1.0,50.0,-0.0,10.0,7.0,0.16435752581455856
411,J.K. Dobbins,2.0,15.0,0.0,0.0,0.0,10.0,0.0,0.0,-0.0,15.0,3.0,0.11522165682163998
412,Elijah Dotson,2.0,13.0,0.0,0.0,0.0,7.0,0.0,0.0,-0.0,14.0,2.0,0.11153503321443657
413,Kenyan Drake,2.0,31.0,0.0,1.0,0.0,24.0,0.0,0.0,-1.0,36.0,3.0,0.1053584910565923
415,Damien Harris,2.0,16.0,0.0,0.0,0.0,13.0,0.0,0.0,-0.0,16.0,2.0,0.11781906560828527
416,Trishton Jackson,2.0,9.0,0.0,0.0,0.0,7.0,0.0,0.0,-0.0,7.0,4.0,0.11143438969284471
417,Tyler Johnson,2.0,8.0,1.0,0.0,0.0,8.0,1.0,50.0,-0.0,1.0,3.0,0.1645805099685017
418,Chris Manhertz,2.0,16.0,0.0,0.0,0.0,10.0,1.0,50.0,-0.0,10.0,4.0,0.16167080580477647
419,Anthony McFarland,2.0,11.0,0.0,0.0,0.0,6.0,1.0,50.0,-0.0,7.0,2.0,0.15606825481699063
420,James Mitchell,2.0,28.0,0.0,1.0,0.0,24.0,1.0,50.0,-0.0,12.0,2.0,0.17832309428467713
421,Quintin Morris,2.0,26.0,1.0,0.0,0.0,15.0,1.0,50.0,-0.0,5.0,3.0,0.17286403460261707
422,Dare Ogunbowale,2.0,18.0,0.0,0.0,0.0,14.0,0.0,0.0,-0.0,5.0,7.0,0.12001956662174407
423,Adam Prentice,2.0,12.0,0.0,0.0,0.0,7.0,0.0,0.0,-0.0,8.0,3.0,0.11119975472303603
424,Teagan Quitoriano,2.0,33.0,0.0,1.0,0.0,22.0,2.0,100.0,-0.0,18.0,3.0,0.22449315043479048
425,Chris Rodriguez Jr.,2.0,12.0,0.0,0.0,0.0,7.0,1.0,50.0,-0.0,19.0,2.0,0.15870503616370504
426,Willie Snead,2.0,14.0,0.0,0.0,0.0,9.0,0.0,0.0,-0.0,3.0,3.0,0.11258487547492556
427,Malik Taylor,2.0,13.0,0.0,0.0,0.0,7.0,0.0,0.0,-0.0,7.0,4.0,0.11163540481923297
428,Sean Tucker,2.0,9.0,0.0,0.0,0.0,6.0,0.0,0.0,-0.0,12.0,2.0,0.11008833257173761
429,Ke'Shawn Vaughn,2.0,2.0,0.0,0.0,0.0,3.0,0.0,0.0,-0.0,1.0,5.0,0.10688752008566431
430,David Wells,2.0,-10.0,0.0,0.0,0.0,1.0,1.0,50.0,-1.0,-10.0,2.0,0.11754287808470382
431,Damien Williams,2.0,12.0,0.0,0.0,0.0,8.0,0.0,0.0,-0.0,11.0,2.0,0.11206004392474686
432,Kenny Yeboah,2.0,28.0,0.0,1.0,0.0,20.0,1.0,50.0,-0.0,20.0,4.0,0.17652466053648605
433,Tank Bigsby,1.0,6.0,0.0,0.0,0.0,6.0,0.0,0.0,-0.0,5.0,4.0,0.10927400089133027
434,Ben Bredeson,1.0,0.0,0.0,0.0,0.0,0.0,0.0,0.0,-0.0,2.0,1.0,0.10114668138936816
435,Jake Browning,1.0,-7.0,0.0,0.0,0.0,-7.0,0.0,0.0,-0.0,0.0,1.0,0.09368411676258183
436,Khalil Dorsey,1.0,31.0,0.0,1.0,0.0,31.0,1.0,100.0,-0.0,9.0,1.0,0.22908534575532433
437,Colton Dowell,1.0,3.0,0.0,0.0,0.0,3.0,0.0,0.0,-0.0,0.0,2.0,0.10448130616352662
438,Ross Dwelley,1.0,12.0,0.0,0.0,0.0,12.0,1.0,100.0,-0.0,12.0,2.0,0.20734463577642018
439,Brandin Echols,1.0,18.0,0.0,0.0,0.0,18.0,1.0,100.0,-0.0,8.0,1.0,0.21245544376629555
441,Chris Evans,1.0,-1.0,0.0,0.0,0.0,-1.0,0.0,0.0,-0.0,0.0,1.0,0.0998507420914604
442,Simi Fehoko,1.0,9.0,1.0,0.0,0.0,9.0,1.0,100.0,-0.0,7.0,2.0,0.21058390908058452
443,Tucker Fisk,1.0,9.0,0.0,0.0,0.0,9.0,1.0,100.0,-0.0,6.0,1.0,0.20293733736321637
444,John FitzPatrick,1.0,12.0,0.0,0.0,0.0,12.0,1.0,100.0,-0.0,10.0,1.0,0.20655698684717833
445,Cole Fotheringham,1.0,6.0,0.0,0.0,0.0,6.0,0.0,0.0,-0.0,5.0,1.0,0.10771555933288872
446,Royce Freeman,1.0,13.0,0.0,0.0,0.0,13.0,1.0,100.0,-0.0,14.0,2.0,0.2086405750743279
447,Jake Funk,1.0,12.0,0.0,0.0,0.0,12.0,1.0,100.0,-0.0,12.0,1.0,0.20682515525693965
448,Reggie Gilliam,1.0,3.0,0.0,0.0,0.0,3.0,0.0,0.0,-0.0,2.0,1.0,0.10422999405380744
449,Antoine Green,1.0,2.0,0.0,0.0,0.0,2.0,0.0,0.0,-0.0,1.0,2.0,0.10358761948026086
450,Justin Herbert,1.0,10.0,0.0,0.0,0.0,10.0,1.0,100.0,-0.0,17.0,1.0,0.2054400345050501
451,Jesper Horsted,1.0,4.0,0.0,0.0,0.0,4.0,0.0,0.0,-0.0,2.0,1.0,0.10525776494195388
452,Sam Howell,1.0,4.0,0.0,0.0,0.0,4.0,0.0,0.0,-0.0,3.0,1.0,0.10539184914683454
453,Evan Hull,1.0,6.0,0.0,0.0,0.0,6.0,0.0,0.0,-0.0,3.0,1.0,0.1074473909231274
454,Collin Johnson,1.0,11.0,0.0,0.0,0.0,11.0,1.0,100.0,-0.0,4.0,1.0,0.20472471072974788
455,Jakob Johnson,1.0,12.0,0.0,0.0,0.0,12.0,0.0,0.0,-0.0,10.0,2.0,0.11507208620565113
456,Ko Kieft,1.0,2.0,1.0,0.0,0.0,2.0,1.0,100.0,-0.0,2.0,5.0,0.20427753339759774
457,Mason Kinsey,1.0,6.0,0.0,0.0,0.0,6.0,0.0,0.0,-0.0,8.0,1.0,0.10811781194753073
458,Bam Knight,1.0,8.0,0.0,0.0,0.0,8.0,0.0,0.0,-0.0,13.0,1.0,0.11084377474822692
459,Kwamie Lassiter II,1.0,2.0,0.0,0.0,0.0,2.0,0.0,0.0,-0.0,3.0,1.0,0.10333630737054168
460,Nick Muse,1.0,22.0,0.0,1.0,0.0,22.0,1.0,100.0,-0.0,10.0,1.0,0.21996949196688712
461,Gunner Olszewski,1.0,0.0,0.0,0.0,0.0,0.0,0.0,0.0,-1.0,0.0,1.0,0.0705754826765765
462,Devine Ozigbo,1.0,8.0,0.0,0.0,0.0,8.0,0.0,0.0,-0.0,5.0,1.0,0.10977110110918158
463,Rashaad Penny,1.0,5.0,0.0,0.0,0.0,5.0,0.0,0.0,-0.0,6.0,1.0,0.10682187264962296
464,Kevin Rader,1.0,6.0,0.0,0.0,0.0,6.0,0.0,0.0,-0.0,4.0,3.0,0.10862043616696909
465,Giovanni Ricci,1.0,2.0,0.0,0.0,0.0,2.0,0.0,0.0,-0.0,3.0,1.0,0.10333630737054168
467,Desmond Ridder,1.0,-6.0,0.0,0.0,0.0,-6.0,0.0,0.0,-0.0,0.0,1.0,0.09471188765072824
468,James Robinson,1.0,-2.0,0.0,0.0,0.0,-2.0,0.0,0.0,-0.0,1.0,1.0,0.09895705540819462
469,Malcolm Rodriguez,1.0,6.0,0.0,0.0,0.0,6.0,1.0,100.0,-0.0,0.0,1.0,0.19904951946949306
470,Jeffery Simmons,1.0,2.0,1.0,0.0,0.0,2.0,1.0,100.0,-0.0,0.0,1.0,0.20193144290991435
471,Dan Skipper,1.0,4.0,0.0,0.0,0.0,4.0,0.0,0.0,-0.0,5.0,1.0,0.10566001755659586
472,Donovan Smith,1.0,0.0,0.0,0.0,0.0,0.0,0.0,0.0,-0.0,0.0,1.0,0.10087851297960683
473,Geno Smith,1.0,-2.0,0.0,0.0,0.0,-2.0,0.0,0.0,-0.0,6.0,1.0,0.09962747643259794
474,Mike Strachan,1.0,45.0,0.0,1.0,1.0,45.0,1.0,100.0,-0.0,8.0,3.0,0.2544800251244648
475,C.J. Stroud,1.0,0.0,0.0,0.0,0.0,0.0,0.0,0.0,-0.0,1.0,1.0,0.1010125971844875
476,Cody Thompson,1.0,10.0,0.0,0.0,0.0,10.0,0.0,0.0,-0.0,4.0,1.0,0.11169255868059377
477,Laquon Treadwell,1.0,16.0,0.0,0.0,0.0,16.0,1.0,100.0,-0.0,0.0,3.0,0.21036618938991844
478,Nick Vannett,1.0,3.0,0.0,0.0,0.0,3.0,1.0,100.0,-0.0,0.0,1.0,0.1959662068050538
479,Tylan Wallace,1.0,11.0,0.0,0.0,0.0,11.0,1.0,100.0,-0.0,0.0,2.0,0.20470785442970574
480,Trevon Wesco,1.0,21.0,0.0,1.0,0.0,21.0,1.0,100.0,-0.0,12.0,3.0,0.22024885052746307
481,Damiere Byrd,0.0,0.0,0.0,0.0,0.0,0.0,0.0,0.0,-0.0,0.0,2.0,0.10063405155867479
482,Irvin Charles,0.0,0.0,0.0,0.0,0.0,0.0,0.0,0.0,-0.0,0.0,1.0,0.10011457103919429
483,Tommy DeVito,0.0,0.0,0.0,0.0,0.0,0.0,0.0,0.0,-0.0,0.0,0.0,0.09959509051971377
484,Phillip Dorsett,0.0,0.0,0.0,0.0,0.0,0.0,0.0,0.0,-0.0,0.0,3.0,0.10115353207815532
485,D'Wayne Eskridge,0.0,0.0,0.0,0.0,0.0,0.0,0.0,0.0,-0.0,0.0,1.0,0.10011457103919429
486,Erik Ezukanma,0.0,0.0,0.0,0.0,0.0,0.0,0.0,0.0,-0.0,0.0,1.0,0.10011457103919429
487,Chauncey Golston,0.0,0.0,0.0,0.0,0.0,0.0,0.0,0.0,-0.0,0.0,0.0,0.09959509051971377
488,Robert Hainsey,0.0,-3.0,0.0,0.0,0.0,-3.0,0.0,0.0,-0.0,-3.0,0.0,0.09610952524063249
489,JaMycal Hasty,0.0,0.0,0.0,0.0,0.0,0.0,0.0,0.0,-0.0,0.0,2.0,0.10063405155867479
490,Travis Homer,0.0,0.0,0.0,0.0,0.0,0.0,0.0,0.0,-0.0,0.0,1.0,0.10011457103919429
491,Shedrick Jackson,0.0,0.0,0.0,0.0,0.0,0.0,0.0,0.0,-0.0,0.0,1.0,0.10011457103919429
492,Daniel Jones,0.0,0.0,0.0,0.0,0.0,0.0,0.0,0.0,-0.0,0.0,0.0,0.09959509051971377
493,Sean McKeon,0.0,0.0,0.0,0.0,0.0,0.0,0.0,0.0,-0.0,0.0,2.0,0.10063405155867479
494,Jordan Mims,0.0,0.0,0.0,0.0,0.0,0.0,0.0,0.0,-0.0,0.0,2.0,0.10063405155867479
495,Albert Okwuegbunam,0.0,0.0,0.0,0.0,0.0,0.0,0.0,0.0,-0.0,0.0,1.0,0.10011457103919429
496,Trey Pipkins,0.0,0.0,0.0,0.0,0.0,0.0,0.0,0.0,-0.0,0.0,0.0,0.09959509051971377
497,James Proche,0.0,0.0,0.0,0.0,0.0,0.0,0.0,0.0,-0.0,0.0,5.0,0.10219249311711635
498,Amari Rodgers,0.0,0.0,0.0,0.0,0.0,0.0,0.0,0.0,-0.0,0.0,2.0,0.10063405155867479
499,Matthew Stafford,0.0,0.0,0.0,0.0,0.0,0.0,0.0,0.0,-0.0,0.0,0.0,0.09959509051971377
500,Easton Stick,0.0,0.0,0.0,0.0,0.0,0.0,0.0,0.0,-0.0,0.0,0.0,0.09959509051971377
501,Cole Strange,0.0,3.0,0.0,0.0,0.0,3.0,0.0,0.0,-0.0,3.0,0.0,0.10308065579879505
502,Ryan Tannehill,0.0,0.0,0.0,0.0,0.0,0.0,0.0,0.0,-0.0,0.0,1.0,0.10011457103919429
503,Trent Taylor,0.0,0.0,0.0,0.0,0.0,0.0,0.0,0.0,-0.0,0.0,2.0,0.10063405155867479
504,Greg Van Roten,0.0,5.0,0.0,0.0,0.0,5.0,0.0,0.0,-1.0,5.0,0.0,0.07510133568181893
505,Jonathan Williams,0.0,0.0,0.0,0.0,0.0,0.0,0.0,0.0,-0.0,0.0,1.0,0.10011457103919429
506,Rod Williams,0.0,0.0,0.0,0.0,0.0,0.0,0.0,0.0,-0.0,0.0,2.0,0.10063405155867479
507,Juwann Winfree,0.0,0.0,0.0,0.0,0.0,0.0,0.0,0.0,-0.0,0.0,1.0,0.10011457103919429
